photo_id,species,marked,inat_url
344921009,Catharus minimus,0,https://www.inaturalist.org/photos/344921009
383212284,Catharus minimus,0,https://www.inaturalist.org/photos/383212284
383212395,Catharus minimus,0,https://www.inaturalist.org/photos/383212395
383212316,Catharus minimus,0,https://www.inaturalist.org/photos/383212316
383212256,Catharus minimus,0,https://www.inaturalist.org/photos/383212256
353011577,Catharus minimus,0,https://www.inaturalist.org/photos/353011577
339644159,Catharus minimus,0,https://www.inaturalist.org/photos/339644159
339644146,Catharus minimus,0,https://www.inaturalist.org/photos/339644146
383212360,Catharus minimus,0,https://www.inaturalist.org/photos/383212360
178394851,Catharus minimus,0,https://www.inaturalist.org/photos/178394851
91700713,Catharus minimus,0,https://www.inaturalist.org/photos/91700713
175159665,Catharus minimus,0,https://www.inaturalist.org/photos/175159665
216568883,Catharus minimus,0,https://www.inaturalist.org/photos/216568883
117853599,Catharus minimus,0,https://www.inaturalist.org/photos/117853599
175863130,Catharus minimus,0,https://www.inaturalist.org/photos/175863130
82380302,Catharus minimus,0,https://www.inaturalist.org/photos/82380302
63693715,Catharus minimus,0,https://www.inaturalist.org/photos/63693715
13987341,Catharus minimus,0,https://www.inaturalist.org/photos/13987341
277427269,Catharus minimus,0,https://www.inaturalist.org/photos/277427269
12410065,Catharus minimus,0,https://www.inaturalist.org/photos/12410065
175517713,Catharus minimus,0,https://www.inaturalist.org/photos/175517713
21189443,Catharus minimus,0,https://www.inaturalist.org/photos/21189443
175517731,Catharus minimus,0,https://www.inaturalist.org/photos/175517731
173938705,Catharus minimus,0,https://www.inaturalist.org/photos/173938705
175331163,Catharus minimus,0,https://www.inaturalist.org/photos/175331163
175218516,Catharus minimus,0,https://www.inaturalist.org/photos/175218516
353011548,Catharus minimus,0,https://www.inaturalist.org/photos/353011548
175331160,Catharus minimus,0,https://www.inaturalist.org/photos/175331160
110664719,Catharus minimus,0,https://www.inaturalist.org/photos/110664719
110664715,Catharus minimus,0,https://www.inaturalist.org/photos/110664715
251189764,Catharus minimus,0,https://www.inaturalist.org/photos/251189764
12477310,Catharus minimus,0,https://www.inaturalist.org/photos/12477310
175218531,Catharus minimus,0,https://www.inaturalist.org/photos/175218531
12410067,Catharus minimus,0,https://www.inaturalist.org/photos/12410067
176070405,Catharus minimus,0,https://www.inaturalist.org/photos/176070405
176887858,Catharus minimus,0,https://www.inaturalist.org/photos/176887858
175517721,Catharus minimus,0,https://www.inaturalist.org/photos/175517721
277427344,Catharus minimus,0,https://www.inaturalist.org/photos/277427344
277427298,Catharus minimus,0,https://www.inaturalist.org/photos/277427298
176194871,Catharus minimus,0,https://www.inaturalist.org/photos/176194871
82380278,Catharus minimus,0,https://www.inaturalist.org/photos/82380278
29707354,Catharus minimus,0,https://www.inaturalist.org/photos/29707354
176070398,Catharus minimus,0,https://www.inaturalist.org/photos/176070398
111041773,Catharus minimus,0,https://www.inaturalist.org/photos/111041773
277427283,Catharus minimus,0,https://www.inaturalist.org/photos/277427283
33062146,Catharus minimus,0,https://www.inaturalist.org/photos/33062146
251738298,Catharus minimus,0,https://www.inaturalist.org/photos/251738298
108737451,Catharus minimus,0,https://www.inaturalist.org/photos/108737451
175292804,Catharus minimus,0,https://www.inaturalist.org/photos/175292804
338296637,Catharus minimus,0,https://www.inaturalist.org/photos/338296637
277427358,Catharus minimus,0,https://www.inaturalist.org/photos/277427358
175269752,Catharus minimus,0,https://www.inaturalist.org/photos/175269752
175517744,Catharus minimus,0,https://www.inaturalist.org/photos/175517744
176070386,Catharus minimus,0,https://www.inaturalist.org/photos/176070386
177806722,Catharus minimus,0,https://www.inaturalist.org/photos/177806722
63352071,Catharus minimus,0,https://www.inaturalist.org/photos/63352071
176613318,Catharus minimus,0,https://www.inaturalist.org/photos/176613318
29707351,Catharus minimus,0,https://www.inaturalist.org/photos/29707351
29707355,Catharus minimus,0,https://www.inaturalist.org/photos/29707355
346734567,Catharus minimus,0,https://www.inaturalist.org/photos/346734567
63087549,Catharus minimus,0,https://www.inaturalist.org/photos/63087549
82380253,Catharus minimus,0,https://www.inaturalist.org/photos/82380253
277427252,Catharus minimus,0,https://www.inaturalist.org/photos/277427252
64714185,Catharus minimus,0,https://www.inaturalist.org/photos/64714185
348831036,Catharus minimus,0,https://www.inaturalist.org/photos/348831036
63352076,Catharus minimus,0,https://www.inaturalist.org/photos/63352076
342092558,Catharus minimus,0,https://www.inaturalist.org/photos/342092558
302977285,Catharus minimus,0,https://www.inaturalist.org/photos/302977285
251189588,Catharus minimus,0,https://www.inaturalist.org/photos/251189588
175950737,Catharus minimus,0,https://www.inaturalist.org/photos/175950737
346937301,Catharus minimus,0,https://www.inaturalist.org/photos/346937301
175950578,Catharus minimus,0,https://www.inaturalist.org/photos/175950578
346937302,Catharus minimus,0,https://www.inaturalist.org/photos/346937302
175269769,Catharus minimus,0,https://www.inaturalist.org/photos/175269769