photo_id,species,marked,inat_url
344921009,Catharus minimus,0,https://www.inaturalist.org/photos/344921009
174307899,Catharus minimus,0,https://www.inaturalist.org/photos/174307899
175517731,Catharus minimus,0,https://www.inaturalist.org/photos/175517731
178394851,Catharus minimus,0,https://www.inaturalist.org/photos/178394851
175517713,Catharus minimus,0,https://www.inaturalist.org/photos/175517713
175863130,Catharus minimus,0,https://www.inaturalist.org/photos/175863130
175331160,Catharus minimus,0,https://www.inaturalist.org/photos/175331160
175517721,Catharus minimus,0,https://www.inaturalist.org/photos/175517721
175331163,Catharus minimus,0,https://www.inaturalist.org/photos/175331163
383212395,Catharus minimus,0,https://www.inaturalist.org/photos/383212395
117853599,Catharus minimus,0,https://www.inaturalist.org/photos/117853599
176070405,Catharus minimus,0,https://www.inaturalist.org/photos/176070405
176887858,Catharus minimus,0,https://www.inaturalist.org/photos/176887858
175218531,Catharus minimus,0,https://www.inaturalist.org/photos/175218531
353011577,Catharus minimus,0,https://www.inaturalist.org/photos/353011577
251189764,Catharus minimus,0,https://www.inaturalist.org/photos/251189764
175159665,Catharus minimus,0,https://www.inaturalist.org/photos/175159665
339644146,Catharus minimus,0,https://www.inaturalist.org/photos/339644146
175218516,Catharus minimus,0,https://www.inaturalist.org/photos/175218516
12477310,Catharus minimus,0,https://www.inaturalist.org/photos/12477310
13987341,Catharus minimus,0,https://www.inaturalist.org/photos/13987341
176613318,Catharus minimus,0,https://www.inaturalist.org/photos/176613318
176194871,Catharus minimus,0,https://www.inaturalist.org/photos/176194871
216568883,Catharus minimus,0,https://www.inaturalist.org/photos/216568883
383212316,Catharus minimus,0,https://www.inaturalist.org/photos/383212316
383212284,Catharus minimus,0,https://www.inaturalist.org/photos/383212284
63693715,Catharus minimus,0,https://www.inaturalist.org/photos/63693715
176070398,Catharus minimus,0,https://www.inaturalist.org/photos/176070398
29707354,Catharus minimus,0,https://www.inaturalist.org/photos/29707354
383212360,Catharus minimus,0,https://www.inaturalist.org/photos/383212360
12410065,Catharus minimus,0,https://www.inaturalist.org/photos/12410065
176070386,Catharus minimus,0,https://www.inaturalist.org/photos/176070386
277427269,Catharus minimus,0,https://www.inaturalist.org/photos/277427269
175292804,Catharus minimus,0,https://www.inaturalist.org/photos/175292804
383212256,Catharus minimus,0,https://www.inaturalist.org/photos/383212256
338296637,Catharus minimus,0,https://www.inaturalist.org/photos/338296637
82380302,Catharus minimus,0,https://www.inaturalist.org/photos/82380302
111041773,Catharus minimus,0,https://www.inaturalist.org/photos/111041773
175517744,Catharus minimus,0,https://www.inaturalist.org/photos/175517744
21189443,Catharus minimus,0,https://www.inaturalist.org/photos/21189443
12410067,Catharus minimus,0,https://www.inaturalist.org/photos/12410067
110664719,Catharus minimus,0,https://www.inaturalist.org/photos/110664719
175269752,Catharus minimus,0,https://www.inaturalist.org/photos/175269752
177806722,Catharus minimus,0,https://www.inaturalist.org/photos/177806722
173938705,Catharus minimus,0,https://www.inaturalist.org/photos/173938705
277427344,Catharus minimus,0,https://www.inaturalist.org/photos/277427344
353011548,Catharus minimus,0,https://www.inaturalist.org/photos/353011548
110664715,Catharus minimus,0,https://www.inaturalist.org/photos/110664715
82380278,Catharus minimus,0,https://www.inaturalist.org/photos/82380278
346734567,Catharus minimus,0,https://www.inaturalist.org/photos/346734567
91700713,Catharus minimus,0,https://www.inaturalist.org/photos/91700713
251738298,Catharus minimus,0,https://www.inaturalist.org/photos/251738298
33062146,Catharus minimus,0,https://www.inaturalist.org/photos/33062146
348831036,Catharus minimus,0,https://www.inaturalist.org/photos/348831036
29707351,Catharus minimus,0,https://www.inaturalist.org/photos/29707351
277427358,Catharus minimus,0,https://www.inaturalist.org/photos/277427358
175950737,Catharus minimus,0,https://www.inaturalist.org/photos/175950737
175950578,Catharus minimus,0,https://www.inaturalist.org/photos/175950578
277427298,Catharus minimus,0,https://www.inaturalist.org/photos/277427298
277427283,Catharus minimus,0,https://www.inaturalist.org/photos/277427283
63352071,Catharus minimus,0,https://www.inaturalist.org/photos/63352071
108737451,Catharus minimus,0,https://www.inaturalist.org/photos/108737451
29707355,Catharus minimus,0,https://www.inaturalist.org/photos/29707355
64714185,Catharus minimus,0,https://www.inaturalist.org/photos/64714185
63352076,Catharus minimus,0,https://www.inaturalist.org/photos/63352076
277427252,Catharus minimus,0,https://www.inaturalist.org/photos/277427252
342092558,Catharus minimus,0,https://www.inaturalist.org/photos/342092558
63087549,Catharus minimus,0,https://www.inaturalist.org/photos/63087549
346937301,Catharus minimus,0,https://www.inaturalist.org/photos/346937301
82380253,Catharus minimus,0,https://www.inaturalist.org/photos/82380253
302977285,Catharus minimus,0,https://www.inaturalist.org/photos/302977285
346937302,Catharus minimus,0,https://www.inaturalist.org/photos/346937302
175269769,Catharus minimus,0,https://www.inaturalist.org/photos/175269769
251189588,Catharus minimus,0,https://www.inaturalist.org/photos/251189588